CardVariant,Cashback
Flipkart Axis Bank Credit Card,5% cashback on Flipkart & Myntra. 4% cashback on Preferred Merchants. 1.5% cashback on all other categories
Flipkart Axis Bank Credit Card,
Flipkart Axis Bank Credit Card,
Axis Bank Privilege Credit Card,
Axis Bank Privilege Credit Card,
Axis Bank Privilege Credit Card,
Axis Bank Privilege Credit Card,
Axis Bank Privilege Credit Card,
Axis Bank Privilege Credit Card,
AXIS Bank SELECT Credit Card,Earn 10 Axis EDGE points on every Rs. 200 spends. Earn 2X per Rs 200 on ‘Retail Shopping’ spends.
AXIS Bank SELECT Credit Card,
AXIS Bank SELECT Credit Card,
AXIS Bank SELECT Credit Card,
AXIS Bank SELECT Credit Card,
AXIS Bank MY ZONE Credit Card,
AXIS Bank MY ZONE Credit Card,
AXIS Bank NEO Credit Card,
AXIS Bank NEO Credit Card,
AXIS Bank Magnus Credit Card,
AXIS Bank Magnus Credit Card,
AXIS Bank Magnus Credit Card,
AXIS Bank Magnus Credit Card,
IndianOil Axis Bank Credit Card,
IndianOil Axis Bank Credit Card,
Axis Bank Reserve Credit Card,
Axis Bank Vistara Credit Card,"Earn 2 CV Points* for every Rs 200 spent on the Axis Bank Vistara Credit Card and redeem for upgrades & award flights faster. For options to redeem points, Get bonus CV Points and upto 3 Economy class tickets on achieving the milestone spends."
Axis Bank Vistara Credit Card,
Axis Bank Vistara Credit Card,
Axis Bank Vistara Credit Card,
Axis Bank Vistara Credit Card,
Axis Bank Vistara Signature Credit Card,"Earn 4 CV Points* for every Rs. 200 spent on the Axis Bank Vistara Signature Credit Card and redeem for upgrades & award flights. For options to redeem points, Get bonus CV Points and up to 4 complimentary Premium Economy tickets* on achieving milestone spends."
Axis Bank Vistara Signature Credit Card,
Axis Bank Vistara Signature Credit Card,
Axis Bank Vistara Signature Credit Card,
Axis Bank Vistara Signature Credit Card,
Axis Bank Vistara Infinite Credit Card,"Earn 6 CV Points* for every Rs. 200 spent on the Axis Bank Vistara Infinite Credit Card and redeem for upgrades and award flights faster. For options to redeem points, Get bonus CV Points and up to 4 complimentary Business Class tickets* on achieving milestone spends."
Axis Bank Vistara Infinite Credit Card,
Axis Bank Vistara Infinite Credit Card,
Axis Bank Vistara Infinite Credit Card,
Axis Bank Vistara Infinite Credit Card,
Miles & More Credit Card,
Axis Bank AURA Credit Card,
Axis Bank AURA Credit Card,
Axis Bank AURA Credit Card,
Axis Bank AURA Credit Card,
Axis Bank AURA Credit Card,
Axis Bank Freecharge Credit Card,
Axis Bank Freecharge Credit Card,
Axis Bank Freecharge Credit Card,
Axis Bank Freecharge Plus Credit Card,5% Cashback on Freecharge Spends. 1% Cashback on all other spends
Axis Bank Freecharge Plus Credit Card,
Axis bank ACE Credit Card,2% on all other spends
Axis Bank PRIDE PLATINUM Credit Card,
Axis Bank PRIDE PLATINUM Credit Card,
Axis Bank PRIDE PLATINUM Credit Card,
Axis Bank PRIDE SIGNATURE Credit Card,
Axis Bank PRIDE SIGNATURE Credit Card,
Axis Bank PRIDE SIGNATURE Credit Card,
Axis Bank PRIDE SIGNATURE Credit Card,
Axis Bank MY ZONE EASY Credit Card,25% cashback on online and box office movie ticket purchases all week with your MY Zone Easy Credit Card*. *No reward points are earned on movie offer transactions. The amount of cashback in a calendar year is limited to Rs.1000.
Axis Bank MY ZONE EASY Credit Card,
Axis Bank MY ZONE EASY Credit Card,
Axis Bank MY ZONE EASY Credit Card,
AXIS Bank Privilege Easy Credit Card,
AXIS Bank Privilege Easy Credit Card,
Axis Bank Signature Credit Card with Lifestyle Benefits,
Axis Bank Signature Credit Card with Lifestyle Benefits,
Axis Bank Signature Credit Card with Lifestyle Benefits,
Axis Bank Platinum Credit Card,
Axis Bank Platinum Credit Card,
Axis Bank Platinum Credit Card,
Axis Bank Titanium Smart Traveler Credit Card,
Axis Bank Titanium Smart Traveler Credit Card,
Axis Bank Titanium Smart Traveler Credit Card,
Axis Bank My Wings Credit Card,"Up to 20% cashback on bare fare domestic flight bookings: Rs. 25 off every time a ticket is booked with a My Wings Credit Card on tickets booked on www.irctc.com.Maximum cashback Rs. 25 per transaction . Maximum annual benefits of Rs. 200 per cardholder. Rs. 500 cashback on booking any domestic return air ticket. Rs. 1,500 cashback on booking any international return air tickets. Rs 1,000 cashback on booking any hotels across India, Nepal and Bhutan on minimum booking value of Rs. 7,000. Rs. 1,500 cashback on international hotel bookings of Rs. 7,000 and above. Rs. 2,500 cashback on domestic holidays worth Rs. 20,000 and above. Rs. 3,000 on booking any international holidays on minimum booking value of Rs. 20,000 and above. Rs. 100 on bus ticket bookings. Flat Rs. 400 per car booking on car rentals within India"
Axis Bank My Wings Credit Card,
Axis Bank My Wings Credit Card,
Axis Bank My Wings Credit Card,
Axis Bank My Wings Credit Card,
Axis Bank My Wings Credit Card,
Axis Bank My Wings Credit Card,
Axis Bank My Wings Credit Card,
Axis Bank My Wings Credit Card,
Axis Bank My Wings Credit Card,
Coral American Express,"Earn 2 PAYBACK Points from ICICI Bank Rewards on every Rs. 100 spent on your card (except fuel). Earn 4 PAYBACK Points from ICICI Bank Rewards on every Rs. 100 spent on online transactions. Earn 1 PAYBACK Point from ICICI Bank Rewards on every Rs.100 spent on utilities and insurance categories.Under the ICICI Bank Milestone Rewards programme, get 2000 PAYBACK Points from ICICI Bank Rewards on spending Rs. 2,00,000 on your card and 1000 PAYBACK Points from ICICI Bank Rewards each time you cross Rs. 1,00,000 spend thereafter in an anniversary year; maximum of 10,000 PAYBACK Points per year"
Coral American Express,
Coral American Express,
Coral American Express,
Coral American Express,
Coral American Express,
Coral American Express,
Coral American Express,
Coral American Express,
Coral American Express,
Coral Master / Visa Card,
Coral Master / Visa Card,
Coral Master / Visa Card,
Coral Master / Visa Card,
Coral contactless card,"Earn 2 PAYBACK Points on every Rs. 100 spent on your card (except fuel). Get 1 PAYBACK Point on every Rs.100 spent on utilities and insurance categories. Under the new ICICI Bank Milestone Rewards program, get 2000 PAYBACK Points on spending Rs. 2,00,000 on your card and 1000 PAYBACK Points each time you cross Rs. 1,00,000 spend thereafter in an anniversary year; maximum of 10000 PAYBACK Points per year."
Coral contactless card,
Coral contactless card,
Coral contactless card,
Rubyx Credit Card,"Under the new ICICI Bank Milestone Rewards program, get 3,000 PAYBACK Points on spending Rs. 3,00,000 on your card and 1,500 PAYBACK Points each time you cross Rs. 1,00,000 spend thereafter in an anniversary year; maximum of 15,000 PAYBACK Points per year. Get one PAYBACK Point on every Rs. 100 spent on utilities and insurance categories. Redeem the rewards for an exciting selection of gifts or cash. Each reward point is equivalent to Rs. 0.25 when redeemed for cash."
Rubyx Credit Card,
Rubyx Credit Card,
Rubyx Credit Card,
Rubyx Credit Card,
Rubyx Credit Card,
Rubyx Credit Card,
Rubyx Credit Card,
Sapphiro Credit Card,"Under the new Milestone Rewards program, get 4,000 PAYBACK Points on spending Rs. 4,00,000 on your card and 2,000 PAYBACK Points each time you cross Rs. 1,00,000 spend thereafter in an anniversary year; maximum of 20,000 PAYBACK Points per year. Get 1 PAYBACK Points on every Rs. 100 spent on utilities and insurance categories."
Sapphiro Credit Card,
Sapphiro Credit Card,
Manchester United Signature Credit Card,"Earn up to  PAYBACK points on every Rs 100 spent on all retail purchases except fuel. Your points are easily redeemable for attractive products, including Manchester United merchandise, through PAYBACK, India's largest multi-partner coalition loyalty programme."
Manchester United Signature Credit Card,
Manchester United Signature Credit Card,
Manchester United Signature Credit Card,
Manchester United Platinum Credit Card,"Earn up to  PAYBACK points on every Rs 100 spent on all retail purchases except fuel. Your points are easily redeemable for attractive products, including Manchester United merchandise, through PAYBACK, India's largest multi-partner coalition loyalty programme."
Manchester United Platinum Credit Card,
Manchester United Platinum Credit Card,
Manchester United Platinum Credit Card,
Manchester United Platinum Credit Card,
Manchester United Platinum Credit Card,
Platinum Credit Card,"Earn 2 PAYBACK Points on every  100 spent for all retail purchases except fuel. Your points are easily redeemable for attractive products through PAYBACK, India's largest multi-partner coalition loyalty programme. Get 1 PAYBACK Point on every 100 spent on utilities and insurance categories."
Platinum Credit Card,
ICICI Bank HPCL Coral American Express Credit Card,"Enjoy accelerated 3X rewards, i.e on every 100 spent, get 6 ICICI Bank Reward Points, powered by PAYBACK on fuel spends at HPCL pumps & 2 PAYBACK Points from ICICI Bank Rewards on all other retail spends. Now you can redeem PAYBACK Points from ICICI Bank Rewards at HPCL pumps itself! Every 2,000 PAYBACK Points earn you fuel worth 500."
ICICI Bank HPCL Coral American Express Credit Card,
ICICI Bank HPCL Coral American Express Credit Card,
ICICI Bank HPCL Coral American Express Credit Card,
ICICI Bank HPCL Coral American Express Credit Card,
ICICI Bank HPCL Coral American Express Credit Card,
ICICI Bank HPCL Coral Visa/MasterCard Credit Cards,Earn 2 PAYBACK Points on every 100 spent on retail purchases except fuel. Redeem 2000 PAYBACK Points for fuel worth  500.
ICICI Bank HPCL Coral Visa/MasterCard Credit Cards,
ICICI Bank HPCL Coral Visa/MasterCard Credit Cards,
ICICI Bank HPCL Coral Visa/MasterCard Credit Cards,
ICICI Bank HPCL Coral Visa/MasterCard Credit Cards,
ICICI Bank HPCL Coral Visa/MasterCard Credit Cards,
ICICI Bank HPCL Platinum Credit Card ,"You not only earn PAYBACK Points when you use your ICICI Bank Credit Card, but also earn additional points from PAYBACK Partner Brands for the same purchase. You can redeem your PAYBACK Points from many options  from movie and travel vouchers to lifestyle products, mobiles, appliances and more. With your ICICI Bank Credit Card and PAYBACK, shopping is truly rewarding! Earn 2 PAYBACK Points on every 100 spent on retail purchases except fuel. Now you can swipe your PAYBACK membership card at select HPCL pumps to instantly redeem points for fuel at the pump itself ! Every 2,000 PAYBACK Points earn you fuel worth  500."
ICICI Bank HPCL Platinum Credit Card ,
ICICI Bank HPCL Platinum Credit Card ,
ICICI Bank HPCL Platinum Credit Card ,
ICICI Bank HPCL Super Saver Credit Card,"Now earn rewards on all your daily essential spends across mobile bills, electricity bills and departmental store purchases. You get 5% back on spends across these categories. For every Rs 100 spent, you receive 20 PAYBACK points.Earn 2 PAYBACK Points on every Rs 100 spent on all retail purchases.Your ICICI Bank Credit Card entitles you to earn PAYBACK points on your transactions. PAYBACK, Indiaâ€™s largest Reward Programme, has powered ICICI Bank Rewards to bring you a range of exciting rewards from your everyday spending. You not only earn PAYBACK points when you use your ICICI Bank Credit Card, but also earn additional points from the PAYBACK Partner Brands for the same purchase. Now you can swipe your PAYBACK membership card at select HPCL pumps to instantly redeem points for fuel at the pump itself! You earn fuel worth Rs 500 for every 2,000 PAYBACK Points. You can redeem your PAYBACK Points from many options at HPCL fuel pumps, movies, travel vouchers, lifestyle products, mobiles, appliances and more. With your ICICI Bank Credit Card and PAYBACK, shopping is truly rewarding! This redemption option is available through PAYBACK Points. *Customer can earn Rs 300 per month in the form of cashback and accelerated rewards across all categories. - Fuel cashback of 5% comprises of 4% + 1% on fuel surcharge (4% cashback is capped at Rs 200 per month). 5% accelerated Reward points on categories such as departmental stores, electricity and mobile bills capped at Rs 100 worth PAYBACK points per month)."
ICICI Bank HPCL Super Saver Credit Card,
Accelero Credit Card,Earn up to 2 PAYBACK Points on every INR 100 spent on retail purchases. Your points are easily redeemable for premium automobile products and branded merchandise.
Accelero Credit Card,
Accelero Credit Card,
Millennia Credit Card,2.5% CashBack on all online spends. 1% CashBack on all offline spends and wallet reloads
Millennia Credit Card,
Easy EMI Card,2.5% CashBack on all online spends. 1% CashBack on all offline spends and wallet reloads
Easy EMI Card,
Millennia Prepaid Card,2.5% CashBack on all online spends. 1% CashBack on all offline spends and Wallet reloads
Millennia Prepaid Card,
INFINIA Metal Edition,5 Reward Points for every  150 spent
Diners Club Black Credit Card,"Complimentary Ola Select | cult.fit Live | BookMyShow | TataCliQ vouchers on spends of over Rs. 80,000 every month. 5 Reward Points for every Rs 150 spent. 10X Reward Points on partner brands"
Diners Club Black Credit Card,
Diners Club Black Credit Card,
Paytm HDFC Bank Credit Card,Upto 3% Unlimited Cashback everytime
Paytm HDFC Bank Select Credit Card,Upto 5% Unlimited Cashback everytime
Paytm HDFC Bank Mobile Credit Card,Upto 2% Unlimited Cashback everytime
Regalia Credit Card,4 Reward Points for every  150 spent
Diners Club Privilege Credit Card,"Complimentary Ola Select | cult.fit Live | BookMyShow | TataCliQ vouchers on spends of over Rs. 40,000 every month. 4 Reward Points for every Rs 150 spent. 10X Reward Points on partner brands"
Diners Club Privilege Credit Card,
Diners Club Privilege Credit Card,
Millennia Credit Card,"5% Cashback on Amazon, BookMyShow, Cult.fit, Flipkart, Myntra, Sony LIV, Swiggy, Tata CLiQ, Uber and Zomato. 1% cashback on all other spends (except Fuel) including EMI & Wallet transactions. 5% CashBack on Amazon, Flipkart, Flight & Hotel bookings on shopping via PayZapp and SmartBuy. 2.5% CashBack on all online spends. 1% CashBack on all offline spends and wallet reloads"
Millennia Credit Card,
Millennia Credit Card,
Millennia Credit Card,
Millennia Credit Card,
MoneyBack+ Credit Card,"10X CashPoints on Amazon, BigBasket, Flipkart, Reliance Smart SuperStore & Swiggy. 5X CashPoints on EMI spends at merchant locations. 2 CashPoints on all other spends ( Excluding fuel, Wallets loads )"
MoneyBack+ Credit Card,
MoneyBack+ Credit Card,
Freedom Credit Card,"Earn 10X CashPoints on your favourite merchants ( Big Basket, BookMyshow, OYO, Swiggy & Uber ). Earn 5X CashPoints on EMI spends at merchant locations. Earn 1 CashPoint per every Rs.150  on other spends ( Excluding fuel, Wallets loads )"
Freedom Credit Card,
Freedom Credit Card,
MoneyBack Credit Card,Earn 2 Reward Points for every Rs 150 spent. Earn 4 Reward Points for every Rs 150 spent online
MoneyBack Credit Card,
Regalia First Credit Card,4 Reward Points for every  150 spent
Diners ClubMiles Credit Card,
Diners ClubMiles Credit Card,
Freedom Credit Card,Earn 1 Reward Point on every 150 spent
Platinum Times Card,3 Reward Points for every  150 spent
Platinum Times Card,
Titanium Times Card,2 Reward Points for every  150 spent
Titanium Times Card,
6E Rewards - IndiGo HDFC Bank Credit Card,1% 6E Rewards on all other spends*
6E Rewards - IndiGo HDFC Bank Credit Card,
6E Rewards - IndiGo HDFC Bank Credit Card,
6E Rewards XL- IndiGo HDFC Bank Credit Card,2% 6E Rewards on all other spends*
6E Rewards XL- IndiGo HDFC Bank Credit Card,
6E Rewards XL- IndiGo HDFC Bank Credit Card,
InterMiles HDFC Bank Diners Club Credit card,
InterMiles HDFC Bank Diners Club Credit card,
InterMiles HDFC Bank Diners Club Credit card,
InterMiles HDFC Bank Signature Credit card,
InterMiles HDFC Bank Signature Credit card,
InterMiles HDFC Bank Platinum Credit card,
InterMiles HDFC Bank Platinum Credit card,
IndianOil HDFC Bank Credit Card,
IndianOil HDFC Bank Credit Card,
IndianOil HDFC Bank Credit Card,
Easy EMI Card,"5% CashBack on Amazon & Flipkart, Flight & Hotel bookings on shopping via PayZapp and SmartBuy. 2.5% CashBack on all online spends. 1% CashBack on all offline spends and wallet reloads"
Easy EMI Card,
Easy EMI Card,
Paytm HDFC Bank Business Credit Card,Upto 3% Unlimited Cashback everytime. Cash Advance Fee Reversal of Rs.500
Paytm HDFC Bank Business Credit Card,
Paytm HDFC Bank SELECT Business Credit Card,Upto 5% Unlimited Cashback everytime
Business Regalia,"4 Reward Points for every Rs.150 spent. 5% CashBack on Telecom, Electricity, Government/Tax, Railway, Hotels & Dining and Taxi spends"
Business Regalia,
Business MoneyBack,"4 Reward Points for every Rs.150 spent on all online purchases. 2 Reward Points for every Rs 150 spent on other expenses (Except fuel). 5% CashBack on Telecom, Electricity, Government/Tax, Railway, Hotels & Dining and Taxi spends"
Business MoneyBack,
Business MoneyBack,
Best Price Save Max HDFC Bank Credit Card,"6 Reward Points for every Rs 150 spent on all Best Price purchases. 4 Reward Points for every Rs 150 spent on IRCTC, utility & dining"
Best Price Save Max HDFC Bank Credit Card,
Best Price Save Smart HDFC Bank Credit Card,1% CashBack on all Best Price spends
CSC Small Business MoneyBack,"4 Reward Points for every Rs.150 spent on all online purchases. 2 Reward Points for every Rs 150 spent on other expenses (Except fuel). 5% CashBack on Telecom, Electricity, Government/Tax, Railway, Hotels & Dining and Taxi spends"
CSC Small Business MoneyBack,
CSC Small Business MoneyBack,
All Miles Credit Card,"Three reward points for every Rs. 150 spent, redeem points for air miles. Double reward points for spends on AllMiles website"
All Miles Credit Card,
Bharat Credit Card,"5% CashBack on IRCTC bookings, bill payments, and fuel spends. Additional 5% CashBack on EasyEMI, PayZapp and SmartBuy spends"
Bharat Credit Card,
Business Bharat Credit Card,Enjoy 5% CashBack on various products and categories
Business Freedom Credit Card,"Enjoy 5% CashBack on movies, dining, super market spends, taxi and bill payment"
Business Freedom Credit Card,
Business Gold Credit Card,
Business Platinum Credit Card,Enjoy 1% CashBack on retail and international spends
Business Regalia First Credit Card,"Earn 4 Reward Points for every  150 spent. 5% CashBack on IRCTC, Utility and Tax Payments."
Business Regalia First Credit Card,
Diners Club Premium Credit Card,Earn 4 Reward Points for every Rs. 150/- retail spends. 10X Reward Points on Partner Brands
Diners Club Premium Credit Card,
Diners Club Rewardz Credit Card,Earn 3 Reward Points for every Rs. 150/- retail spends. 10X Reward Points on Partner Brands
Diners Club Rewardz Credit Card,
Doctor's Regalia Credit Card,
Doctors Superia Credit Card,3 Reward Points for every  150 spent and 50% more points on dining spends. Reward Points can be exchanged for Miles (at 0.7 Miles for every point)
Doctors Superia Credit Card,
JetPrivilege HDFC Bank Select / Titanium,
Platinum Edge Credit Card,Exciting CashBack offers on everyday spends. 2 Reward Points for every  150 spent; 50% more Reward Points at premium restaurants. Redemption of Reward Points as CashBack to pay off Credit Card dues
Platinum Edge Credit Card,
Platinum Edge Credit Card,
Platinum Plus Credit Card,"2 Reward Points for every  150 spent. 50% more Reward Points for every  150 spent above  50,000 per statement cycle"
Platinum Plus Credit Card,
Solitaire Credit Card,3 Reward Points for every  150 spent. 50% more Reward Points on dining and grocery spends
Solitaire Credit Card,
Superia Credit Card,
Teachers Platinum Credit Card,2 Reward Points for every  150 spent; 3X Reward Points on weekends
Titanium Edge Credit Card,Great cashback offers on everyday spends. 2 Reward Points for every  150 spent; 50% more Reward Points at premium restaurants. Redemption of Reward Points as CashBack to pay off Credit Card dues
Titanium Edge Credit Card,
Titanium Edge Credit Card,
Visa Signature Credit Card,2 Reward Points for every  150 spent
World MasterCard Credit Card,"2 Reward Points for every  150 spent. 50% more Reward Points for every  150 spent above  75,000 per statement cycle"
World MasterCard Credit Card,
Millennia Prepaid Card,5% CashBack on shopping via PAYZAPP & SmartBUY. 2.5% CashBack on all online spends. 1% CashBack on all offline spends and wallet reloads
Millennia Prepaid Card,
Millennia Prepaid Card,
GiftPlus Card,
GiftPlus Card,
GiftPlus Card,
eGiftPlus Card,
eGiftPlus Card,
eGiftPlus Card,
FoodPlus Prepaid Card,
FoodPlus Prepaid Card,
FoodPlus Prepaid Card,
FoodPlus Prepaid Card,
MoneyPlus Card,
MoneyPlus Card,
Apollo Medical Benefit Card,
Apollo Medical Benefit Card,
Apollo Medical Benefit Card,
FASTag - Hassle-free Toll Payment,
FASTag - Hassle-free Toll Payment,
HDFC Bank DigiThane Card,
FleetXpress,
FleetXpress,
FleetXpress,
Corporate Expense Management Solution,
Corporate Expense Management Solution,
Corporate Expense Management Solution,
Corporate Expense Management Solution,
Corporate Expense Management Solution,
GPR Card,
Reward Card,
Reward Card,
MoneyPlus Retail GPR Card,
MoneyPlus Retail GPR Card,
MoneyPlus Dependant GPR Card,
MoneyPlus Dependant GPR Card,
MoneyPlus Benefit Card,
MoneyPlus Benefit Card,
MoneyPlus Petro Card,
MoneyPlus Petro Card,
MoneyPlus PettyCash Card,
MoneyPlus PettyCash Card,
MakeMyTrip Hdfc Bank ForexPlus Card,
Regalia ForexPlus Card,
Regalia ForexPlus Card,
Regalia ForexPlus Card,
Multicurrency Platinum ForexPlus Chip Card,
Multicurrency Platinum ForexPlus Chip Card,
Multicurrency Platinum ForexPlus Chip Card,
ISIC Student ForexPlus Card,
ISIC Student ForexPlus Card,
ISIC Student ForexPlus Card,
Hajj Umrah Card,
Hajj Umrah Card,
Hajj Umrah Card,
Corporate Platinum Credit Card,
Corporate Premium Credit Card,Earn 5 Reward Points for every  150 spent
,
HDFC Bank & SAP Concur Solutions Black Corporate Credit Card,Earn 5 Reward Points for every Rs. 150 spent on your card
HDFC Bank & SAP Concur Solutions Prime Corporate Credit Card,
Business Corporate Regalia Credit Card,
Business Corporate MoneyBack Credit Card,"Earn 4 Reward Points for every  150 you spend on Air, Travel, Hotel bookings, Dining & E-commerce spends."
,
Corporate World MasterCard Credit Card,Earn two reward points for every  150 you spend
Corporate Visa Signature Credit Card,
Purchase Reward Credit Card,Enjoy cashback up-to 1% on your purchases*
Purchase Reward Credit Card,
Purchase Credit Card,
Purchase Credit Card,
Purchase Credit Card,
Central Travel Account,
Central Travel Account,
Central Travel Account,
Central Travel Account,
Distributor Credit Card,
Distributor Credit Card,
Distributor Credit Card,
SBI Card ELITE,"Get 5X Reward Points on Dining, Departmental stores and Grocery Spends. Earn 2 Reward Points per Rs. 100 on all other spends, except fuel. Pay your card outstanding with Reward Points. 4 Reward Points = Rs. 1"
SBI Card ELITE,
SBI Card ELITE,
SBI Card ELITE,
SBI Card ELITE,
SBI Card ELITE,
SBI Card PULSE,"Enjoy 10 Reward Points per Rs. 100 spent on Chemist, Pharmacy, Dining and Movies spends. Earn 2 Reward Points per Rs.100 spent on all your other spends. Pay your card outstanding with Reward Points. 4 Reward Points = Rs. 1. You can also redeem your Reward Points against a host of options from the Reward Catalogue"
SBI Card PULSE,
SBI Card PULSE,
SBI Card PULSE,
SBI Card PULSE,
SBI Card PULSE,
Doctor's SBI Card (in association with IMA),"Get 5X Reward Points on Medical Supplies, Travel Bookings & International Spends. Get 5X Reward Points on all spends on Doctor's Day i.e. 1st July. Earn 1 Reward Point per Rs. 100 for all other spends. Pay your card outstanding with Reward Points. 4 Reward Points = Rs. 1"
Doctor's SBI Card (in association with IMA),
Doctor's SBI Card (in association with IMA),
Doctor's SBI Card (in association with IMA),
SBI Card ELITE Advantage,"Get 5X Reward Points on Dining, Departmental stores and Grocery Spends.Earn 2 Reward Points per Rs. 100 on all other spends. Pay your card outstanding with Reward Points. 4 Reward Points = Rs. 1"
SBI Card ELITE Advantage,
SBI Card ELITE Advantage,
SBI Card ELITE Advantage,
SBI Card ELITE Advantage,
SBI Card ELITE Advantage,
Doctor's SBI Card,"Get 5X Reward Points on Medical Supplies, Travel Bookings & International Spends. Get 5X Reward Points on all spends on Doctorsâ€™ Day i.e. 1st July. Earn 1 Reward Point per Rs. 100 for all other spends. Pay your card outstanding with Reward Points. 4 Reward Points = Rs. 1. You can also redeem your Reward Points against a host of options from the Reward Catalogue. E-Gift Voucher from Yatra.com/Bata/Shoppers Stop worth Rs. 5,000 on achieving annual spends of Rs. 5 Lakhs"
Doctor's SBI Card,
Doctor's SBI Card,
Doctor's SBI Card,
Doctor's SBI Card,
Doctor's SBI Card,
SBI Card PRIME,"Get 10 Reward Points per Rs.100 spent on Dining, Groceries, Departmental stores and Movies. Earn 2 Reward Points per Rs. 100 on all other retail spends except fuel. Pay your card outstanding with Reward Points. 4 Reward Points = Rs. 1"
SBI Card PRIME,
SBI Card PRIME,
SBI Card PRIME,
SBI Card PRIME,
SBI Card PRIME Advantage,"Earn 20 Reward Points per Rs.100 spent on standing instructions of Utility Bills payments, with a capping of 3,000 Reward Points per month. Earn 10 Reward Points per Rs.100 spent on Dining, Departmental stores, Grocery & Movie spends. Earn 2 Reward Points per Rs.100 on all other retail spends except fuel. Pay your card outstanding with Reward Points. 4 Reward Points = Rs. 1"
SBI Card PRIME Advantage,
SBI Card PRIME Advantage,
SBI Card PRIME Advantage,
SBI Card PRIME Advantage,
Apollo SBI Card,"Enjoy freedom from paying 1% fuel surcharge across all petrol pumps in India. Maximum Surcharge Waiver of Rs.100 monthly. Fuel Transactions between Rs. 500 and Rs. 3,000 are eligible for fuel surcharge waiver. GST extra wherever applicable"
Apollo SBI Card,
Apollo SBI Card,
Apollo SBI Card,
Apollo SBI Card,
Apollo SBI Card,
Apollo SBI Card,
Apollo SBI Card,
Apollo SBI Card,
Apollo SBI Card,
Apollo SBI Card,
OLA Money SBI Card,Earn 1% Reward Points on all other spends. Earn 7% Reward Points on all Ola rides. Reward Points will be automatically credited to your OLA Money Wallet. 1 Reward Point = Re.1
OLA Money SBI Card,
OLA Money SBI Card,
OLA Money SBI Card,
OLA Money SBI Card,
Paytm SBI Card SELECT,"5% Cashback on Paytm Mall, Movies and Travel. 2% Cashback on all other purchases on Paytm App. 1% Cashback on any other spends across millions of offline and online stores. 3% Cashback on Paytm Mall, Movies and Travel. 2% Cashback on all other purchases on Paytm App. 1% Cashback on any other spends across millions of offline and online stores"
Paytm SBI Card SELECT,
Paytm SBI Card SELECT,
Paytm SBI Card,
Paytm SBI Card,
Paytm SBI Card,
FABINDIA SBI CARD SELECT,"10 Reward Points per 100 spent at Fabindia stores. 3 Reward Points per 100 spent on Dining, Movies and Entertainment. 2 Reward Point per 100 spent on all International spends. 2 Reward Point per 200 spent on all other Spends. Convert Reward points into Fabfamily Rewards by placing the through website/mobile or call center. Fabfamily Rewards can only be used for shopping at Fabindia stores. The minimum Reward Points that can be redeemed is 100 Reward Points, in the multiple of 100, 200 or 500 only. 1 Reward Point = 1 Fabfamily Reward = Re 1"
FABINDIA SBI CARD SELECT,
FABINDIA SBI CARD SELECT,
FABINDIA SBI CARD SELECT,
FABINDIA SBI CARD SELECT,
FABINDIA SBI CARD SELECT,
FABINDIA SBI CARD SELECT,
FABINDIA SBI CARD SELECT,
FABINDIA SBI CARD,"5 Reward Points per 100 spent at Fabindia stores. 2 Reward Points per 100 spent on Dining, Movies and Entertainment. 1 Reward Point per 100 spent on all International spends. 1 Reward Point per 200 spent on all other Spends. Convert Reward points into Fabfamily Rewards by placing the through website/mobile or call center. Fabfamily Rewards can only be used for shopping at Fabindia stores. The minimum Reward Points that can be redeemed is 100 Reward Points, in the multiple of 100, 200 or 500 only. 1 Reward Point = 1 Fabfamily Reward = Re 1 "
FABINDIA SBI CARD,
FABINDIA SBI CARD,
FABINDIA SBI CARD,
FABINDIA SBI CARD,
FABINDIA SBI CARD,
FABINDIA SBI CARD,
FABINDIA SBI CARD,
Lifestyle Home Centre SBI Card PRIME,"Get 12,000 Reward point worth Rs 3,000 on payment of renewal fees.
Reward Points will be credited to the card holders account within 30 days of fee payment.
Enjoy 15 Reward Points on every 100 Rs. spent at Online & Retail Landmark Stores (Lifestyle, Home Centre, Max and Spar).
Enjoy 10 Reward Points on every 100 Rs. spent at Dining & Movies.
Earn 2 Reward point per 100 Rs. spent on other retail purchases (Non fuel).
4 Reward Point = 1 Rs.
Redeem your Reward Points instantly at Lifestyle, Home Centre and Max stores
Convert your Reward Points into Landmark Landmark Rewards via calling helpline number.
1 LMR = 2.4 SBI Card Reward Points
Approach the cashier for billing.
Share last 4 digits of your credit card and registered mobile no.
Your Reward Points will be converted to Landmark Rewards for an instant redemption.
1 Landmark Reward = Rs 0.60"
Lifestyle Home Centre SBI Card PRIME,
Lifestyle Home Centre SBI Card PRIME,
Lifestyle Home Centre SBI Card PRIME,
Lifestyle Home Centre SBI Card PRIME,
Lifestyle Home Centre SBI Card PRIME,
Lifestyle Home Centre SBI Card PRIME,
Lifestyle Home Centre SBI Card PRIME,
Lifestyle Home Centre SBI Card PRIME,
Lifestyle Home Centre SBI Card PRIME,
Lifestyle Home Centre SBI Card PRIME,
Lifestyle Home Centre SBI Card PRIME,
Lifestyle Home Centre SBI Card PRIME,
Max SBI Card PRIME,"Enjoy 15 Reward Points on every 100 Rs. spent at Online & Retail Landmark Stores (Lifestyle, Home Centre, Max and Spar).
Enjoy 10 Reward Points on every 100 Rs. spent at Dining & Movies.
Earn 2 Reward point per 100 Rs. spent on other retail purchases (Non fuel).
4 Reward Point = 1 Rs.
Redeem your Reward Points instantly at Lifestyle, Home Centre and Max stores
Convert your Reward Points into Landmark Landmark Rewards via calling helpline number.
1 LMR = 2.4 SBI Card Reward Points
Approach the cashier for billing.
Share last 4 digits of your credit card and registered mobile no.
Your Reward Points will be converted to Landmark Rewards for an instant redemption.
1 Landmark Reward = Rs 0.60"
Max SBI Card PRIME,
Max SBI Card PRIME,
Max SBI Card PRIME,
Max SBI Card PRIME,
Max SBI Card PRIME,
Max SBI Card PRIME,
Max SBI Card PRIME,
Max SBI Card PRIME,
Max SBI Card PRIME,
Max SBI Card PRIME,
Spar SBI Card PRIME,"Enjoy 15 Reward Points on every 100 Rs. spent at Online & Retail Landmark Stores (Lifestyle, Home Centre, Max and Spar).
Enjoy 10 Reward Points on every 100 Rs. spent at Dining & Movies.
Earn 2 Reward point per 100 Rs. spent on other retail purchases (Non fuel).
4 Reward Point = 1 Rs.
Redeem your Reward Points instantly at Lifestyle, Home Centre and Max stores
Convert your Reward Points into Landmark Landmark Rewards via calling helpline number.
1 LMR = 2.4 SBI Card Reward Points
Approach the cashier for billing.
Share last 4 digits of your credit card and registered mobile no.
Your Reward Points will be converted to Landmark Rewards for an instant redemption.
1 Landmark Reward = Rs 0.60"
Spar SBI Card PRIME,
Spar SBI Card PRIME,
Spar SBI Card PRIME,
Spar SBI Card PRIME,
Spar SBI Card PRIME,
Spar SBI Card PRIME,
Spar SBI Card PRIME,
Spar SBI Card PRIME,
Spar SBI Card PRIME,
Spar SBI Card PRIME,
Lifestyle Home Centre SBI Card SELECT,"Enjoy 10 Reward Points on every 100 Rs. spent at Online & Retail Landmark Stores (Lifestyle, Home Centre, Max and Spar) Dining & Movies.
Earn 2 Reward point per 100 Rs. spent on other retail purchases (Non fuel).
4 Reward Point = 1 Rs.
Redeem your Reward Points instantly at Lifestyle, Home Centre and Max stores
Convert your Reward Points into Landmark Landmark Rewards via calling helpline number.
1 LMR = 2.4 SBI Card Reward Points
Approach the cashier for billing.
Share last 4 digits of your credit card and registered mobile no.
Your Reward Points will be converted to Landmark Rewards for an instant redemption.
1 Landmark Reward = Rs 0.60"
Lifestyle Home Centre SBI Card SELECT,
Lifestyle Home Centre SBI Card SELECT,
Lifestyle Home Centre SBI Card SELECT,
Lifestyle Home Centre SBI Card SELECT,
Lifestyle Home Centre SBI Card SELECT,
Lifestyle Home Centre SBI Card SELECT,
Lifestyle Home Centre SBI Card SELECT,
Lifestyle Home Centre SBI Card SELECT,
Lifestyle Home Centre SBI Card SELECT,
Max SBI Card SELECT,"Enjoy 10 Reward Points on every 100 Rs. spent at Online & Retail Landmark Stores (Lifestyle, Home Centre, Max and Spar) Dining & Movies.
Earn 2 Reward point per 100 Rs. spent on other retail purchases (Non fuel).
4 Reward Point = 1 Rs.
Redeem your Reward Points instantly at Lifestyle, Home Centre and Max stores
Convert your Reward Points into Landmark Landmark Rewards via calling helpline number.
1 LMR = 2.4 SBI Card Reward Points
Approach the cashier for billing.
Share last 4 digits of your credit card and registered mobile no.
Your Reward Points will be converted to Landmark Rewards for an instant redemption.
1 Landmark Reward = Rs 0.60"
Max SBI Card SELECT,
Max SBI Card SELECT,
Max SBI Card SELECT,
Max SBI Card SELECT,
Max SBI Card SELECT,
Max SBI Card SELECT,
Max SBI Card SELECT,
Max SBI Card SELECT,
Max SBI Card SELECT,
Spar SBI Card SELECT,"Enjoy 10 Reward Points on every 100 Rs. spent at Online & Retail Landmark Stores (Lifestyle, Home Centre, Max and Spar) Dining & Movies.
Earn 2 Reward point per 100 Rs. spent on other retail purchases (Non fuel).
4 Reward Point = 1 Rs.
Redeem your Reward Points instantly at Lifestyle, Home Centre and Max stores
Convert your Reward Points into Landmark Landmark Rewards via calling helpline number.
1 LMR = 2.4 SBI Card Reward Points
Approach the cashier for billing.
Share last 4 digits of your credit card and registered mobile no.
Your Reward Points will be converted to Landmark Rewards for an instant redemption.
1 Landmark Reward = Rs 0.60"
Spar SBI Card SELECT,
Spar SBI Card SELECT,
Spar SBI Card SELECT,
Spar SBI Card SELECT,
Spar SBI Card SELECT,
Spar SBI Card SELECT,
Spar SBI Card SELECT,
Spar SBI Card SELECT,
Spar SBI Card SELECT,
Spar SBI Card,"Enjoy 5 Reward Points on every 100 Rs. spent at Online & Retail Landmark Stores (Lifestyle, Home Centre, Max and Spar) Dining & Movies
Earn 1 Reward point per 100 Rs. spent on other retail purchases (Non fuel).
4 Reward Point = 1 Rs.
Redeem your Reward Points instantly at Lifestyle, Home Centre and Max stores
Convert your Reward Points into Landmark Landmark Rewards via calling helpline number.
1 LMR = 2.4 SBI Card Reward Points
Approach the cashier for billing.
Share last 4 digits of your credit card and registered mobile no.
Your Reward Points will be converted to Landmark Rewards for an instant redemption.
1 Landmark Reward = Rs 0.60"
Spar SBI Card,
Spar SBI Card,
Spar SBI Card,
Spar SBI Card,
Spar SBI Card,
Spar SBI Card,
Spar SBI Card,
Spar SBI Card,
Spar SBI Card,
Max SBI Card,"Enjoy 5 Reward Points on every 100 Rs. spent at Online & Retail Landmark Stores (Lifestyle, Home Centre, Max and Spar) Dining & Movies
Earn 1 Reward point per 100 Rs. spent on other retail purchases (Non fuel).
4 Reward Point = 1 Rs.
Get maximum surcharge waiver of Rs. 100 per statement cycle per credit card account
Redeem your Reward Points instantly at Lifestyle, Home Centre and Max stores
Convert your Reward Points into Landmark Landmark Rewards via calling helpline number.
1 LMR = 2.4 SBI Card Reward Points
Approach the cashier for billing.
Share last 4 digits of your credit card and registered mobile no.
Your Reward Points will be converted to Landmark Rewards for an instant redemption.
1 Landmark Reward = Rs 0.60"
Max SBI Card,
Max SBI Card,
Max SBI Card,
Max SBI Card,
Max SBI Card,
Max SBI Card,
Max SBI Card,
Max SBI Card,
Max SBI Card,
Max SBI Card,
Lifestyle Home Centre SBI Card,"Enjoy 5 Reward Points on every 100 Rs. spent at Online & Retail Landmark Stores (Lifestyle, Home Centre, Max and Spar) Dining & Movies.
Earn 1 Reward point per 100 Rs. spent on other retail purchases (Non fuel)
4 Reward Point = 1 Rs.
Redeem your Reward Points instantly at Lifestyle, Home Centre and Max stores
Convert your Reward Points into Landmark Landmark Rewards via calling helpline number.
1 LMR = 2.4 SBI Card Reward Points
Approach the cashier for billing.
Share last 4 digits of your credit card and registered mobile no.
Your Reward Points will be converted to Landmark Rewards for an instant redemption.
1 Landmark Reward = Rs 0.60"
Lifestyle Home Centre SBI Card,
Lifestyle Home Centre SBI Card,
Lifestyle Home Centre SBI Card,
Lifestyle Home Centre SBI Card,
Lifestyle Home Centre SBI Card,
Lifestyle Home Centre SBI Card,
Lifestyle Home Centre SBI Card,
Lifestyle Home Centre SBI Card,
Lifestyle Home Centre SBI Card,
SimplyCLICK SBI Card,"Earn 10X rewards on online spends with exclusive partners- Amazon / Apollo24X7/ BookMyShow / Cleartrip / Eazydiner/ Lenskart / Netmeds
Earn 5X rewards on all other online spends.
Earn 1 reward point per Rs.100 on all other spends
Spend Rs. 2,000 or more in first 60 days and get 2,000 bonus Reward Points
Enjoy 10 Reward Points per Rs 100 spent on Dining, Movies, Departmental Stores and Grocery Spends.
On all your other spends, earn 1 Reward Point per Rs 100 spent(4 Reward Points = Rs. 1"
SimplyCLICK SBI Card,
SimplyCLICK SBI Card,
SimplyCLICK SBI Card,
SimplySAVE SBI Card,
SimplySAVE SBI Card,
SimplySAVE SBI Card,
fbb SBI STYLEUP Card,"Upfront discount* of flat 10% round the year, whenever you shop for Fashion Apparel, Accessories, Backpacks, Footwear & School Bags at fbbonline.in, fbb and Big Bazaar Stores.
10X Reward Points on your spends at Big Bazaar, Standalone Fbb and Food Bazaar outlets, and on all your Dining expenditures
On all your other retail spends (less fuel) earn 1 Reward Point per Rs. 100 spent"
fbb SBI STYLEUP Card,
fbb SBI STYLEUP Card,
Central SBI Select+ Card,"20 Select Points for every Rs. 100 spent any Central store
10 Select Points for every Rs. 100 on Dining  & Movies
2 Select Points for every Rs. 100 other retail spends (Non-fuel)
1 Select Point = Rs. 0.25"
Central SBI Select+ Card,
Central SBI Select+ Card,
Central SBI Select+ Card,
Central SBI Select Credit Card,"10 Select Points for every Rs. 100 spent any Central store
5 Select Points for every Rs. 100 on Dining  & Movies
1 Select Points for every Rs. 100 other retail spends (Non-fuel)
1 Select Point = Rs. 0.25"
Central SBI Select Credit Card,
Central SBI Select Credit Card,
Central SBI Select Credit Card,
SBI Unnati Credit Card,"Get 1 Reward Point per Rs 100 spent
Use your Credit Card Reward Points to redeem against a wide array of gifts from the Rewards Catalogue."
SBI Unnati Credit Card,
SimplyCLICK Advantage SBI Card,Earn 10X rewards on online spends with exclusive partners- Amazon / Apollo24X7/ BookMyShow / Cleartrip / Eazydiner/ Lenskart / Netmeds. Earn 5X rewards on all other online spends.
SimplyCLICK Advantage SBI Card,
SimplyCLICK Advantage SBI Card,
SimplySAVE Advantage SBI Card,"Enjoy 10 Reward Points per Rs 150 spent on Dining, Movies, Departmental Stores and Grocery Spends
On all your other spends, earn 1 Reward Point per Rs. 150 spent
(4 Reward Points = Rs. 1)"
SimplySAVE Advantage SBI Card,
SimplySAVE Advantage SBI Card,
Shaurya SBI Credit Card,"Earn 5X Reward Points on CSD, Dining, Movies, Departmental Stores and Grocery Spends. Earn 1 Reward Point per Rs. 100 spent on all other categories"
Shaurya SBI Credit Card,
Shaurya Select SBI Card,"Earn 10 Reward Points per Rs. 100 spent on Dining, Movies, Departmental Stores & Grocery (including CSD canteen) spends. Earn 2 Reward Points per Rs. 100 spent on all other spends"
Shaurya Select SBI Card,
Shaurya Select SBI Card,
Shaurya Select SBI Card,
BPCL SBI Card OCTANE,"Enjoy 25 Reward Points on every Rs. 100 spent at BPCL Fuel, Lubricants & Bharat Gas (Website and app only) spends. Enjoy 10 Reward Points on every Rs. 100 spent at Dining, Departmental Stores, Grocery & Movies (Up to 7500 Reward Points per month)"
BPCL SBI Card OCTANE,
BPCL SBI Card OCTANE,
BPCL SBI Card OCTANE,
BPCL SBI Card OCTANE,
IRCTC SBI Card Premier,"10% Value Back on AC1, AC2, AC3, AC CC as Reward Points for your ticket purchase on www.irctc.co.in and IRCTC Mobile App (for Android only)
Earn 3 Reward Points per 125 spent on Dining and standing instructions on Utility spends
Save 1% transaction charges on railway ticket bookings on www.irctc.co.in
Save 1.8% transaction charges on airline ticket bookings on www.air.irctc.co.in"
IRCTC SBI Card Premier,
IRCTC SBI Card Premier,
IRCTC SBI Card Premier,
 IRCTC SBI Card (on RuPay platform),"Buy tickets through irctc.co.in & IRCTC Mobile App (for Android only) for AC1, AC2, AC3 and AC CC and earn up to 10% Value Back as Reward Points
Get 1 Reward point for every Rs. 125 spent on non-fuel retail purchases, including railway ticket purchases at www.irctc.co.in and IRCTC Mobile App (Android only)
Save 1% transaction charges on railway ticket bookings on www.irctc.co.in"
 IRCTC SBI Card (on RuPay platform),
 IRCTC SBI Card (on RuPay platform),
Club Vistara SBI Card PRIME,Earn 4 CV Points (per Rs. 200 spent) on all your spends
Club Vistara SBI Card PRIME,
Club Vistara SBI Card PRIME,
Club Vistara SBI Card PRIME,
Club Vistara SBI Card,Earn 3 CV Points (per Rs. 200 spent) on all your spends
Club Vistara SBI Card,
Club Vistara SBI Card,
Etihad Guest SBI Premier Card,"6 Etihad Guest Miles on every Rs. 100 spent on Etihad.com 
4 Etihad Guest Miles on every Rs. 100 spent on International Spends 
2 Etihad Guest Miles on every Rs. 100 spent on other spends except fuel
Upto 10% (3% on Economy Class and 10% on Business class) discount on direct Etihad Airways booking
Upto 10% discount on travel rewards miles redemption"
Etihad Guest SBI Premier Card,
Etihad Guest SBI Premier Card,
Etihad Guest SBI Premier Card,
Etihad Guest SBI Premier Card,
Etihad Guest SBI Card,"3 Etihad Guest Miles on every Rs. 100 spent on Etihad.com
2 Etihad Guest Miles on every Rs. 100 spent on International spends
1 Etihad Guest Mile on every Rs. 100 spent on other spends except
Upto 10% (3% on Economy Class and 10% on Business class) discount on direct Etihad Airways booking
5% discount on travel rewards miles redemption"
Etihad Guest SBI Card,
Etihad Guest SBI Card,
Etihad Guest SBI Card,
Etihad Guest SBI Card,
BPCL SBI Card,"4.25% Valueback ~ 13X* Reward Points on fuel purchases at BPCL petrol pumps. Maximum 1300 Reward Points per billing cycle
3.25% + 1% Fuel surcharge waiver on every BPCL transaction upto ₹ 4000 (exclusive of GST and other charges)
5X Reward Points on every ₹ 100 spent at Groceries, Departmental Stores, Movies & Dining (Up to 5000 Reward Points per month)
Get 1 Reward Point for every Rs. 100 spent on non-fuel retail purchases."
BPCL SBI Card,
BPCL SBI Card,
BPCL SBI Card,
Yatra SBI Credit Card,"Rs. 1,000 off on domestic flight bookings. Min. trxn of Rs. 5,000
Rs. 4,000 off on international flight bookings. Min. trxn of Rs. 40,000
20% off on domestic hotels Min. trxn of Rs. 3,000. Max. discount of Rs. 2,000"
Yatra SBI Credit Card,
Yatra SBI Credit Card,
Yatra SBI Credit Card,"6 Reward Points on every Rs. 100 spend on Departmental Stores, Grocery, Dining, Movies, Entertainment (Up to 5000 Reward Points per month) and International spends (Up to 5000 Reward Points per month)"
Air India SBI Signature Credit Card,"Get 4 Reward points for every Rs. 100 spent.
Get up to 1,00,000 bonus Reward points annually
Convert your Reward points into Air India miles. 1 Reward point is equal to 1 Air India Air mile
Earn upto 30 Reward Points for every Rs. 100 spent on Air India tickets booked through airindia.com, airindia mobile app.
30 Reward Points when booked for self and 10 Reward Points when booked for others."
Air India SBI Signature Credit Card,
Air India SBI Signature Credit Card,
Air India SBI Signature Credit Card,
Air India SBI Signature Credit Card,
Air India SBI Platinum Credit Card,"Get 2 Reward points for every Rs. 100 spent
Get upto 15,000 bonus Reward points annually
Convert your Reward points into Air India miles. 1 Reward point is equal to 1 Air India Air mile
Earn upto 15 Reward Points for every Rs. 100 spent on Air India tickets booked through airindia.com, airindia mobile app.
15 Reward Points when booked for self and 5 Reward Points when booked for others"
Air India SBI Platinum Credit Card,
Air India SBI Platinum Credit Card,
Air India SBI Platinum Credit Card,
Air India SBI Platinum Credit Card,
Mumbai Metro SBI Card,"10 Reward Points per per Rs. 100 spent on Auto top up
10 Reward Points per Rs 100 spent on Dining, Movies, Grocery and Departmental stores (Up to 5000 Reward Points per month)
1 Reward Point per Rs 100 spent on other categories.
Cumulative 10X Reward Points accrued per Rs. 100 spent on Dining, Movies, Grocery and Departmental stores for your Mumbai Metro SBI Card will have a maximum cap of 5,000 Reward Points per month. After the cap limit of 5,000 Reward points is achieved, 1 Reward Point for every Rs. 100 spent, as per the card policy, will continue to accrue.
Cumulative 10X Reward Points accrued per Rs. 100 spent on Auto Top-up for your Mumbai Metro SBI Card will have a maximum cap of 5,000 Reward Points per month. After the cap limit of 5,000 Reward points is achieved, 1 Reward Point for every Rs. 100 spent, as per the card policy, will continue to accrue."
Mumbai Metro SBI Card,
Mumbai Metro SBI Card,
Mumbai Metro SBI Card,
Mumbai Metro SBI Card,
Delhi Metro SBI Card,"10 Reward Points per Rs 100 spent on Dining, Movies, Grocery, Departmental stores and Standing instruction for utility bill payments (Up to 5000 Reward Points per month). 1 Reward Point per Rs 100 spent on other categories."
Delhi Metro SBI Card,
IRCTC SBI Platinum Card,"Buy tickets through irctc.co.in & IRCTC Mobile App (for Android only) for AC1, AC2, AC3 and AC CC and earn up to 10% Value Back as Reward Points
Get 1 Reward point for every Rs. 125 spent on non-fuel retail purchases, including railway ticket purchases at www.irctc.co.in and IRCTC Mobile App (Android only)
Save 1% transaction charges on railway ticket bookings on www.irctc.co.in"
IRCTC SBI Platinum Card,
IRCTC SBI Platinum Card,
UCO Bank SBI Card ELITE,"Get 5X Reward Points on Dining, Departmental stores and Grocery Spends. Earn 2 Reward Points per Rs. 100 on all other spends, except fuel"
UCO Bank SBI Card ELITE,
UCO Bank SBI Card ELITE,
UCO Bank SBI Card ELITE,
UCO Bank SBI Card PRIME,"
Get 20 Reward Points per Rs.100 spent on standing instructions of Utility Bills payments
Get 10 Reward Points per Rs.100 spent on Dining, Groceries, Departmental stores and Movies
Enjoy 20 Reward Points per Rs. 100  spent on your birthday"
UCO Bank SBI Card PRIME,
UCO Bank SBI Card PRIME,
UCO Bank SimplySAVE SBI Card,"Spend Rs. 2,000 or more in first 60 days and get 2,000 bonus Reward Points
Enjoy 10 Reward Points per Rs 150 spent on Dining, Movies, Departmental Stores and Grocery Spends
Earn 1 Reward Point per Rs 150 spent on all your other spends (4 Reward Points = Rs. 1)"
UCO Bank SimplySAVE SBI Card,
UCO Bank SimplySAVE SBI Card,
Central Bank of India SBI Card Elite,"Get 5X Reward Points on Dining, Departmental stores and Grocery Spends. Earn 2 Reward Points per Rs. 100 on all other spends, except fuel"
Central Bank of India SBI Card Elite,
Central Bank of India SBI Card Elite,
Central Bank of India SBI Card Elite,
Central Bank of India SBI Card Prime,"Get 20 Reward Points per Rs. 100 spent on standing instructions of Utility Bills payments
Get 10 Reward Points per Rs.100 spent on Dining, Groceries, Departmental stores and Movies
Enjoy 20 Reward Points per Rs. 100  spent on your birthday"
Central Bank of India SBI Card Prime,
Central Bank of India SBI Card Prime,
Central Bank Of India SimplySave SBI Card,"Spend 2,000 or more in first 60 days and get 2,000 bonus Reward Points
Enjoy 10 Reward Points per Rs 150 spent on Dining, Movies, Departmental Stores and Grocery Spends
On all your other spends, earn 1 Reward Point per Rs150 spent
(4 Reward Points = 1)"
Central Bank Of India SimplySave SBI Card,
Central Bank Of India SimplySave SBI Card,
Central Bank Of India SimplySave SBI Card,
City Union Bank SBI Card PRIME,"Get 20 Reward Points per Rs. 100 spent on standing instructions of Utility Bills payments
Get 10 Reward Points per Rs.100 spent on Dining, Groceries, Departmental stores and Movies
Enjoy 20 Reward Points per Rs. 100  spent on your birthday"
City Union Bank SBI Card PRIME,
City Union Bank SBI Card PRIME,
City Union Bank SimplySAVE SBI Card,"Spend Rs. 2,000 or more in first 60 days and get 2,000 bonus Reward Points
Enjoy 10 Reward Points per Rs 150 spent on Dining, Movies, Departmental Stores and Grocery Spends
Earn 1 Reward Point per Rs 150 spent on all your other spends (4 Reward Points = Rs. 1)"
City Union Bank SimplySAVE SBI Card,
City Union Bank SimplySAVE SBI Card,
Allahabad Bank SBI Card ELITE,"Get 5X Reward Points on Dining, Departmental stores and Grocery Spends. Earn 2 Reward Points per Rs. 100 on all other spends, except fuel"
Allahabad Bank SBI Card ELITE,
Allahabad Bank SBI Card ELITE,
Allahabad Bank SBI Card ELITE,
Allahabad Bank SBI Card PRIME,"Get 20 Reward Points per Rs. 100 spent on standing instructions of Utility Bills payments
Get 10 Reward Points per Rs.100 spent on Dining, Groceries, Departmental stores and Movies
Enjoy 20 Reward Points per Rs. 100  spent on your birthday"
Allahabad Bank SBI Card PRIME,
Allahabad Bank SBI Card PRIME,
Allahabad Bank SimplySAVE SBI Card,"Spend 2,000 or more in first 60 days and get 2,000 bonus Reward Points
Enjoy 10 Reward Points per Rs 150 spent on Dining, Movies, Departmental Stores and Grocery Spends
On all your other spends, earn 1 Reward Point per Rs150 spent
(4 Reward Points = 1)"
Allahabad Bank SimplySAVE SBI Card,
Allahabad Bank SimplySAVE SBI Card,
Allahabad Bank SimplySAVE SBI Card,
Karnataka Bank SBI Card PRIME,"Get 20 Reward Points per Rs.100 spent on standing instructions of Utility Bills payments
Get 10 Reward Points per Rs.100 spent on Dining, Groceries, Departmental stores and Movies
Enjoy 20 Reward Points per Rs. 100  spent on your birthday"
Karnataka Bank SBI Card PRIME,
Karnataka Bank SBI Card PRIME,
Karnataka Bank SBI SimplySAVE Credit Card,Earn 1 reward point for every Rs. 150 spent. Get up to 2.5% value back on all departmental store and grocery purchases
Karnataka Bank SBI SimplySAVE Credit Card,
South Indian Bank SBI Platinum Credit Card,"Earn 2 reward points for every Rs. 100 spent on all other categories
Get spend rewards on annual spending of Rs. 4 lakhs and 5 lakhs, each
e- Gift Voucher worth Rs. 3,000 from any of the following brands: Yatra ,Hush Puppies/Bata, Westside, Shoppers Stop"
South Indian Bank SBI Platinum Credit Card,
South Indian Bank SBI Platinum Credit Card,
South Indian Bank SimplySAVE SBI Card,Earn 1 reward point for every Rs. 150 spent.Get up to 2.5% value back on all departmental store and grocery purchases
South Indian Bank SimplySAVE SBI Card,
KVB SBI Signature Card,"Earn 10,000 bonus Reward Points on achieving annual spends of Rs. 2 lakhs, 3 lakhs and 4 lakhs
Earn 20,000 bonus Reward Points on crossing annual spends of Rs. 5 lakhs
Get 5x reward points on all dining, departmental stores and grocery spends
Earn 2 reward points for every Rs. 100 spent on all other categories"
KVB SBI Signature Card,
KVB SBI Signature Card,
KVB SBI Signature Card,
 Karur Vysya Bank - SBI Platinum Credit Card,"Earn 2 Reward points for every Rs. 100 spent on all other categories
Get spend rewards on annual spending of Rs. 4 lakhs and 5 lakhs, each
e- Gift Voucher worth Rs. 3,000 from any of the following brands: Yatra ,Hush Puppies/Bata, Westside, Shoppers Stop"
 Karur Vysya Bank - SBI Platinum Credit Card,
 Karur Vysya Bank - SBI Platinum Credit Card,
Karur Vysya Bank - SBI Card,"Enjoy up to 2.5% value back, as you get 10X Reward Points per Rs. 150 spent at all Departmental and Grocery stores
On all your other spends earn 1 Reward point per Rs. 150 spent.
(4 Reward points = Rs. 1)"
Karur Vysya Bank - SBI Card,
Karur Vysya Bank - SBI Card,
Bank of Maharashtra - SBI Platinum Credit Card,"Earn 2 Reward points for every Rs. 100 spent on all other categories
Get spend rewards on annual spending of Rs. 4 lakhs and 5 lakhs, each
e- Gift Voucher worth Rs. 3,000 from any of the following brands: Yatra ,Hush Puppies/Bata, Westside, Shoppers Stop"
Bank of Maharashtra - SBI Platinum Credit Card,
Bank of Maharashtra - SBI Platinum Credit Card,
Bank of Maharashtra - SBI Card,"Enjoy up to 2.5% value back, as you get 10X Reward Points per Rs. 150 spent at all Departmental and Grocery stores
On all your other spends earn 1 Reward point per Rs. 150 spent.
(4 Reward points = Rs. 1)"
Bank of Maharashtra - SBI Card,
Bank of Maharashtra - SBI Card,
SBI PRIME Business Credit Card,"Get 10 Reward Points per Rs.100 spent on Dining, Utility Bills payments and Office supplies
Earn 2 Reward Points per Rs. 100 on all other retail spends except fuel
Earn 10 reward points (5X) per INR 100 on all spends at Metro Cash & Carry stores.
Complimentary privileges through Bandhan- Loyalty program of Metro Cash & Carry*
Get INR 750 off on Flight bookings above INR 6000, once in a quarter.
Get 20% off on Hotel bookings, once in a quarter.
Enjoy up  to 4 complimentary Green fees access per year and 1 complimentary Golf coaching/lesson per month at select Golf Courses in India
Enjoy up to 15% discount on best available room rates and up to 15% discount on F&B at Lalit Hotels
Enjoy 25% flat discount on all bookings at Sarovar Hotels
Get up to 20% off on Hotels and Homestays at travelguru.com
Get up to  15% off on text classified and display classified at Bookmyad.com
Flat 30% off on Printvenue"
SBI PRIME Business Credit Card,
SBI PRIME Business Credit Card,
SBI PRIME Business Credit Card,
SBI PRIME Business Credit Card,
SBI PRIME Business Credit Card,
SBI PRIME Business Credit Card,
SBI PRIME Business Credit Card,
SBI PRIME Business Credit Card,
SBI PRIME Business Credit Card,
SBI PRIME Business Credit Card,
SBI PRIME Business Credit Card,
SBI ELITE Business Credit Card,"Get 5X Reward Points on Dining, Utility Bills payments and Office supplies
Earn 2 Reward Points per Rs. 100 on all other spends except fuel
Get INR 750 off on Flight bookings above INR 6000, once in a quarter.
Get 20% off on Hotel bookings, once in a quarter.
Earn 10 reward points (5X) per INR 100 on all spends at Metro Cash & Carry stores.
Complimentary privileges through Bandhan- Loyalty program of Metro Cash & Carry*
Enjoy up  to 4 complimentary Green fees access per year and 1 complimentary Golf coaching/lesson per month at select Golf Courses in India
Enjoy up to 15% discount on best available room rates and up to 15% discount on F&B at Lalit Hotels
Enjoy 25% flat discount on all bookings at Sarovar Hotels
Get up to 20% off on Hotels and Homestays at travelguru.com
Get up to  15% off on text classified and display classified at Bookmyad.com
Flat 30% off on Printvenue"
SBI ELITE Business Credit Card,
SBI ELITE Business Credit Card,
SBI ELITE Business Credit Card,
SBI ELITE Business Credit Card,
SBI ELITE Business Credit Card,
SBI ELITE Business Credit Card,
SBI ELITE Business Credit Card,
SBI ELITE Business Credit Card,
SBI ELITE Business Credit Card,
SBI ELITE Business Credit Card,
SBI ELITE Business Credit Card,